{
  "subspace": {
    "kind": "qubit_cavity_block",
    "indices": [
      0,
      1,
      2,
      3,
      4,
      5
    ],
    "dim": 6,
    "labels": [
      "|g,0>",
      "|e,0>",
      "|g,1>",
      "|e,1>",
      "|g,2>",
      "|e,2>"
    ]
  },
  "backend": {
    "type": "pulse",
    "settings": {
      "leakage_n_jobs": 1
    }
  },
  "time_policy": {
    "mode": "per-instance",
    "policy": {
      "default": {
        "optimize": false,
        "bounds": [
          1.6e-08,
          1e-06
        ],
        "init": 1.6e-08
      },
      "Displacement": {
        "optimize": false,
        "bounds": [
          4.8e-08,
          4.8000000999999997e-08
        ],
        "init": 4.8e-08
      },
      "QubitRotation": {
        "optimize": false,
        "bounds": [
          1.6e-08,
          1.6000001e-08
        ],
        "init": 1.6e-08
      },
      "SQR": {
        "optimize": false,
        "bounds": [
          1e-06,
          1.0000000009999999e-06
        ],
        "init": 1e-06
      },
      "ConditionalPhaseSQR": {
        "optimize": false,
        "bounds": [
          1e-06,
          1.0000000009999999e-06
        ],
        "init": 1e-06
      }
    },
    "shared_groups": {}
  },
  "time_grid": {
    "mode": "hard",
    "dt": 1e-09,
    "raw": [
      1.6e-08,
      1.0000000000000002e-06,
      4.8000000000000006e-08,
      1.6e-08,
      1.0000000000000002e-06,
      4.8000000000000006e-08,
      1.6e-08,
      1.0000000000000002e-06,
      4.8000000000000006e-08
    ],
    "snapped": [
      1.6e-08,
      1.0000000000000002e-06,
      4.8000000000000006e-08,
      1.6e-08,
      1.0000000000000002e-06,
      4.8000000000000006e-08,
      1.6e-08,
      1.0000000000000002e-06,
      4.8000000000000006e-08
    ],
    "ticks": [
      16,
      1000,
      48,
      16,
      1000,
      48,
      16,
      1000,
      48
    ],
    "grid_residual": [
      0.0,
      0.0,
      0.0,
      0.0,
      0.0,
      0.0,
      0.0,
      0.0,
      0.0
    ]
  },
  "hardware_limits": {
    "dt": 1e-09,
    "channels": {
      "qubit_drive": {
        "A_max": Infinity,
        "delta_max": Infinity,
        "slew_max": Infinity,
        "bw_max": Infinity
      },
      "cavity_drive": {
        "A_max": Infinity,
        "delta_max": Infinity,
        "slew_max": Infinity,
        "bw_max": Infinity
      }
    },
    "gate_type_overrides": {}
  },
  "constraints": {
    "slew": {
      "enabled": false,
      "S_max": Infinity,
      "mode": "penalty",
      "lambda": 1.0
    },
    "tone_spacing": {
      "enabled": false,
      "domega_min": 0.0,
      "Ntones_max": null,
      "projection": false,
      "lambda": 1.0
    },
    "forbidden_bands": [],
    "amplitude_detuning": {
      "enabled": true,
      "lambda": 1.0,
      "project": true
    }
  },
  "parallel": {
    "enabled": false,
    "n_jobs": 1,
    "backend": "multiprocessing",
    "worker_seeds": [
      2234,
      2235
    ]
  },
  "drift_model": {
    "frame": "rotating_omega_c_omega_q",
    "chi": -17844246.272390027,
    "chi2": -138230.07675795088,
    "kerr": -182212.373908208,
    "kerr2": 0.0,
    "delta_c": 0.0,
    "delta_q": 0.0
  },
  "objective": {
    "total": 0.01006676671642992,
    "fidelity_term": 0.010066766716429143,
    "leakage_term": 7.771561172376096e-16,
    "time_reg_term": 0.0,
    "time_smooth_term": 0.0,
    "grid_term": 0.0,
    "hardware_penalty_term": 0.0,
    "hardware_breakdown": {
      "amplitude_penalty": 0.0,
      "detuning_penalty": 0.0,
      "slew_penalty": 0.0,
      "tone_penalty": 0.0
    }
  },
  "constraint_violations": {
    "amplitude_violations": 0,
    "detuning_violations": 0,
    "slew_max_violation": 0.0,
    "tone_min_spacing": Infinity,
    "tone_violations": 0
  },
  "metrics": {
    "fidelity": 0.9899332332835709,
    "leakage_average": 1.6653345369377348e-16,
    "leakage_worst": 7.771561172376096e-16
  },
  "parameters": {
    "gates": [
      {
        "type": "QubitRotation",
        "name": "QubitRotation_0",
        "duration": 1.6e-08,
        "optimize_time": false,
        "time_bounds": [
          1.6e-08,
          1.6000001e-08
        ],
        "time_group": "instance:0:QubitRotation_0",
        "time_policy_locked": false,
        "parameters": [
          57.60971764949269,
          1.4318872872869772
        ],
        "time_param_id": "t_0"
      },
      {
        "type": "SQR",
        "name": "SQR_1",
        "duration": 1.0000000000000002e-06,
        "optimize_time": false,
        "time_bounds": [
          1e-06,
          1.0000000009999999e-06
        ],
        "time_group": "instance:1:SQR_1",
        "time_policy_locked": false,
        "tone_freqs": [],
        "tones": 3,
        "parameters": [
          -0.4818932665213026,
          5.395832366916288,
          1.321894183996999,
          -0.8120816751173734,
          -0.1364963726741874,
          0.7027644172275949
        ],
        "time_param_id": "t_1"
      },
      {
        "type": "Displacement",
        "name": "Displacement_2",
        "duration": 4.8000000000000006e-08,
        "optimize_time": false,
        "time_bounds": [
          4.8e-08,
          4.8000000999999997e-08
        ],
        "time_group": "instance:2:Displacement_2",
        "time_policy_locked": false,
        "parameters": [
          -2.5477296518504458e-08,
          -2.2889905782356345e-07
        ],
        "time_param_id": "t_2"
      },
      {
        "type": "QubitRotation",
        "name": "QubitRotation_3",
        "duration": 1.6e-08,
        "optimize_time": false,
        "time_bounds": [
          1.6e-08,
          1.6000001e-08
        ],
        "time_group": "instance:3:QubitRotation_3",
        "time_policy_locked": false,
        "parameters": [
          35.31686771614508,
          -0.3464383666913146
        ],
        "time_param_id": "t_3"
      },
      {
        "type": "SQR",
        "name": "SQR_4",
        "duration": 1.0000000000000002e-06,
        "optimize_time": false,
        "time_bounds": [
          1e-06,
          1.0000000009999999e-06
        ],
        "time_group": "instance:4:SQR_4",
        "time_policy_locked": false,
        "tone_freqs": [],
        "tones": 3,
        "parameters": [
          -0.4607977602987233,
          0.4430039943483687,
          0.3227953284042702,
          -0.5705851458739933,
          -0.886709339971435,
          0.5299232981430073
        ],
        "time_param_id": "t_4"
      },
      {
        "type": "Displacement",
        "name": "Displacement_5",
        "duration": 4.8000000000000006e-08,
        "optimize_time": false,
        "time_bounds": [
          4.8e-08,
          4.8000000999999997e-08
        ],
        "time_group": "instance:5:Displacement_5",
        "time_policy_locked": false,
        "parameters": [
          -3.970290288827155e-09,
          5.350343484677152e-07
        ],
        "time_param_id": "t_5"
      },
      {
        "type": "QubitRotation",
        "name": "QubitRotation_6",
        "duration": 1.6e-08,
        "optimize_time": false,
        "time_bounds": [
          1.6e-08,
          1.6000001e-08
        ],
        "time_group": "instance:6:QubitRotation_6",
        "time_policy_locked": false,
        "parameters": [
          -16.872243900220578,
          -0.7308060337330007
        ],
        "time_param_id": "t_6"
      },
      {
        "type": "SQR",
        "name": "SQR_7",
        "duration": 1.0000000000000002e-06,
        "optimize_time": false,
        "time_bounds": [
          1e-06,
          1.0000000009999999e-06
        ],
        "time_group": "instance:7:SQR_7",
        "time_policy_locked": false,
        "tone_freqs": [],
        "tones": 3,
        "parameters": [
          0.32170738991383546,
          0.08392506640389984,
          -0.4418855105788494,
          0.30344446352270604,
          2.010332497744673,
          1.7053977591332767
        ],