{
  "sqr_name": "sqr_demo",
  "max_n": 2,
  "d_lambda": [
    -0.5,
    0.5,
    0.4999374773617871
  ],
  "d_alpha": [
    4.3307453882287477e-07,
    1.7217974310347638e-06,
    -3.047910267511775
  ],
  "d_omega_rad_s": [
    -6303184.091317643,
    5439759.506374985,
    -1997273.8427564888
  ],
  "d_omega_hz": [
    -1003182.9053513996,
    865764.6146707074,
    -317876.0047828401
  ],
  "theta_target": [
    1.0471975511965976,
    0.7853981633974483,
    0.39269908169872414
  ],
  "phi_target": [
    0.0,
    1.5707963267948966,
    0.7853981633974483
  ],
  "initial_loss": [
    1.970645868709653e-12,
    0.335584477325375,
    0.7199359799850924
  ],
  "optimized_loss": [
    0.3902340696842193,
    0.10612801955103686,
    0.03800898755749175
  ],
  "levels": [
    {
      "n": 0,
      "theta_target": 1.0471975511965976,
      "phi_target": 0.0,
      "skipped": false,
      "initial_params": [
        0.0,
        0.0,
        0.0
      ],
      "optimized_params": [
        -0.5,
        4.3307453882287477e-07,
        -6303184.091317643
      ],
      "initial_loss": 1.970645868709653e-12,
      "optimized_loss": 0.3902340696842193,
      "process_fidelity": 0.6098059104454697,
      "success_stage1": true,
      "success_stage2": true,
      "message_stage1": "Optimization terminated successfully.",
      "message_stage2": "CONVERGENCE: NORM OF PROJECTED GRADIENT <= PGTOL"
    },
    {
      "n": 1,
      "theta_target": 0.7853981633974483,
      "phi_target": 1.5707963267948966,
      "skipped": false,
      "initial_params": [
        0.0,
        0.0,
        0.0
      ],
      "optimized_params": [
        0.5,
        1.7217974310347638e-06,
        5439759.506374985
      ],
      "initial_loss": 0.335584477325375,
      "optimized_loss": 0.10612801955103686,
      "process_fidelity": 0.8939018214324503,
      "success_stage1": true,
      "success_stage2": true,
      "message_stage1": "Optimization terminated successfully.",
      "message_stage2": "CONVERGENCE: NORM OF PROJECTED GRADIENT <= PGTOL"
    },
    {
      "n": 2,
      "theta_target": 0.39269908169872414,
      "phi_target": 0.7853981633974483,
      "skipped": false,
      "initial_params": [
        0.0,
        0.0,
        0.0
      ],
      "optimized_params": [
        0.4999374773617871,
        -3.047910267511775,
        -1997273.8427564888
      ],
      "initial_loss": 0.7199359799850924,
      "optimized_loss": 0.03800898755749175,
      "process_fidelity": 0.9620045412397913,
      "success_stage1": true,
      "success_stage2": true,
      "message_stage1": "Optimization terminated successfully.",
      "message_stage2": "CONVERGENCE: RELATIVE REDUCTION OF F <= FACTR*EPSMCH"
    }
  ],
  "metadata": {
    "timestamp": "2026-03-03T21:06:34.978784+00:00",
    "objective_type": "process_infidelity_plus_regularization",
    "config_snapshot": {
      "duration_sqr_s": 1e-06,
      "sqr_sigma_fraction": 0.16666666666666666,
      "dt_s": 1e-09,
      "max_step_s": 1e-09,
      "st_chi_hz": -2840421.354241756,
      "st_chi2_hz": 0.0,
      "st_chi3_hz": 0.0,
      "max_n_cal": 8,
      "sqr_theta_cutoff": 1e-10,
      "optimizer_method_stage1": "Powell",
      "optimizer_method_stage2": "L-BFGS-B",
      "d_lambda_bounds": [
        -0.5,
        0.5
      ],
      "d_alpha_bounds": [
        -3.141592653589793,
        3.141592653589793
      ],
      "d_omega_hz_bounds": [
        -2000000.0,
        2000000.0
      ],
      "regularization_lambda": 1e-06,
      "regularization_alpha": 1e-06,
      "regularization_omega": 1e-18
    },
    "config_hash": "cffc7b29de6f511b",
    "optimizer_method_stage1": "Powell",
    "optimizer_method_stage2": "L-BFGS-B",
    "cache_hit": false,
    "cache_path": "calibrations\\sqr_sqr_demo.json"
  }
}