metric,value
extended_exact_real,1.4745149545802863e-17
sampled_real,0.0017250000000000154
sampled_stderr,0.0035355507429784905
legacy_exact_real,1.474514954580286e-17
abs_error_sample_vs_exact,0.0017250000000000006
