{
  "initial_error": 1.0663684332560373,
  "final_error": 0.5784782933565761,
  "iterations": 2,
  "converged": false,
  "A": [
    1.1015227664241516,
    1.0998395016310902,
    1.099839350113407,
    1.1015257672780303
  ],
  "delta": [
    -0.22495952469739558,
    0.22346313989718683,
    -0.22346300417961068,
    0.22496217225441587
  ],
  "phi": [
    -0.03880590541655376,
    1.41865773872299,
    -0.8986573134145843,
    0.5588117646014334
  ]
}