{
  "initial_error": 1.0680876054843824,
  "final_error": 0.7416646356848364,
  "iterations": 3,
  "converged": false,
  "A": [
    1.142133773234198,
    1.1001571630698455,
    1.1513105735736773,
    1.1448382921364109
  ],
  "delta": [
    0.37779227519892566,
    0.2256852737006611,
    -0.3913085088172189,
    0.3821783331426254
  ],
  "phi": [
    0.14889986724354654,
    1.7852515204790582,
    -1.1959314818282165,
    0.5004598885607281
  ]
}