{
  "allxy_rms_before": 0.45380549872890974,
  "allxy_rms_after": 0.06259309848771334,
  "leakage_condition_number": 8.357348923483011e+16
}