duration_s,objective_value,nominal_fidelity
2.0,0.2919265817264288,0.7080734182735712
2.6,0.07155562331552634,0.9284443766844737
3.2,0.0,1.0
4.0,0.0,1.0
