{
  "sqr_name": "SQR_ee33d3ef052cfe2cc17ad0187a2d8771",
  "max_n": 1,
  "d_lambda": [
    4.266543282994745e-09,
    -0.10778188477093152
  ],
  "d_alpha": [
    2.344151043446582e-13,
    -2.8527926982639498
  ],
  "d_omega_rad_s": [
    -0.00032186477901887875,
    885525.635661555
  ],
  "d_omega_hz": [
    -5.122637058803512e-05,
    140935.78215012923
  ],
  "theta_target": [
    -3.4096953485284476,
    2.7025839649284222
  ],
  "phi_target": [
    -2.6087822948154145,
    3.0595508044766966
  ],
  "initial_loss": [
    5.595524044110789e-14,
    0.9962456942768693
  ],
  "optimized_loss": [
    3.1530333917661433e-14,
    0.9525792734844336
  ],
  "levels": [
    {
      "n": 0,
      "theta_target": -3.4096953485284476,
      "phi_target": -2.6087822948154145,
      "skipped": false,
      "initial_params": [
        0.0,
        0.0,
        0.0
      ],
      "optimized_params": [
        4.266543282994745e-09,
        2.344151043446582e-13,
        -0.00032186477901887875
      ],
      "initial_loss": 5.595524044110789e-14,
      "optimized_loss": 3.1530333917661433e-14,
      "process_fidelity": 0.9999999999999685,
      "success_stage1": true,
      "success_stage2": true,
      "message_stage1": "Optimization terminated successfully.",
      "message_stage2": "CONVERGENCE: NORM OF PROJECTED GRADIENT <= PGTOL"
    },
    {
      "n": 1,
      "theta_target": 2.7025839649284222,
      "phi_target": 3.0595508044766966,
      "skipped": false,
      "initial_params": [
        0.0,
        0.0,
        0.0
      ],
      "optimized_params": [
        -0.10778188477093152,
        -2.8527926982639498,
        885525.635661555
      ],
      "initial_loss": 0.9962456942768693,
      "optimized_loss": 0.9525792734844336,
      "process_fidelity": 0.047429660714331724,
      "success_stage1": true,
      "success_stage2": true,
      "message_stage1": "Optimization terminated successfully.",
      "message_stage2": "CONVERGENCE: RELATIVE REDUCTION OF F <= FACTR*EPSMCH"
    }
  ],
  "metadata": {
    "timestamp": "2026-03-03T19:55:11.461775+00:00",
    "objective_type": "process_infidelity_plus_regularization",
    "config_snapshot": {
      "duration_sqr_s": 1e-05,
      "sqr_sigma_fraction": 0.16666666666666666,
      "dt_s": 1e-09,
      "max_step_s": 1e-09,
      "st_chi_hz": -2840421.354241756,
      "st_chi2_hz": 0.0,
      "st_chi3_hz": 0.0,
      "max_n_cal": 1,
      "sqr_theta_cutoff": 1e-10,
      "optimizer_method_stage1": "Powell",
      "optimizer_method_stage2": "L-BFGS-B",
      "d_lambda_bounds": [
        -0.5,
        0.5
      ],
      "d_alpha_bounds": [
        -3.141592653589793,
        3.141592653589793
      ],
      "d_omega_hz_bounds": [
        -2000000.0,
        2000000.0
      ],
      "regularization_lambda": 1e-06,
      "regularization_alpha": 1e-06,
      "regularization_omega": 1e-18
    },
    "config_hash": "06ce19660a356539",
    "optimizer_method_stage1": "Powell",
    "optimizer_method_stage2": "L-BFGS-B",
    "cache_hit": false,
    "cache_path": "calibrations\\sqr_SQR_ee33d3ef052cfe2cc17ad0187a2d8771.json"
  }
}