{
  "sqr_name": "SQR_789278ba62949511b06e9d76a4bb8437",
  "max_n": 1,
  "d_lambda": [
    0.007288819856735238,
    0.0
  ],
  "d_alpha": [
    3.6637359812630166e-15,
    0.0
  ],
  "d_omega_rad_s": [
    -8712703.010949608,
    0.0
  ],
  "d_omega_hz": [
    -1386669.75188427,
    0.0
  ],
  "theta_target": [
    -4.603698833859033,
    0.0
  ],
  "phi_target": [
    1.5787159007312601,
    0.0
  ],
  "initial_loss": [
    0.0,
    0.35179950945375815
  ],
  "optimized_loss": [
    0.553273086939225,
    0.35179950945375815
  ],
  "levels": [
    {
      "n": 0,
      "theta_target": -4.603698833859033,
      "phi_target": 1.5787159007312601,
      "skipped": false,
      "initial_params": [
        0.0,
        0.0,
        0.0
      ],
      "optimized_params": [
        0.007288819856735238,
        3.6637359812630166e-15,
        -8712703.010949608
      ],
      "initial_loss": 0.0,
      "optimized_loss": 0.553273086939225,
      "process_fidelity": 0.446802824307659,
      "success_stage1": true,
      "success_stage2": true,
      "message_stage1": "Optimization terminated successfully.",
      "message_stage2": "CONVERGENCE: NORM OF PROJECTED GRADIENT <= PGTOL"
    },
    {
      "n": 1,
      "theta_target": 0.0,
      "phi_target": 0.0,
      "skipped": true,
      "initial_params": [
        0.0,
        0.0,
        0.0
      ],
      "optimized_params": [
        0.0,
        0.0,
        0.0
      ],
      "initial_loss": 0.35179950945375815,
      "optimized_loss": 0.35179950945375815,
      "process_fidelity": 0.6482004905462418,
      "success_stage1": false,
      "success_stage2": false,
      "message_stage1": "",
      "message_stage2": ""
    }
  ],
  "metadata": {
    "timestamp": "2026-03-03T17:50:46.528178+00:00",
    "objective_type": "process_infidelity_plus_regularization",
    "config_snapshot": {
      "duration_sqr_s": 5e-06,
      "sqr_sigma_fraction": 0.16666666666666666,
      "dt_s": 1e-09,
      "max_step_s": 1e-09,
      "st_chi_hz": -2840421.354241756,
      "st_chi2_hz": 0.0,
      "st_chi3_hz": 0.0,
      "max_n_cal": 1,
      "sqr_theta_cutoff": 1e-10,
      "optimizer_method_stage1": "Powell",
      "optimizer_method_stage2": "L-BFGS-B",
      "d_lambda_bounds": [
        -0.5,
        0.5
      ],
      "d_alpha_bounds": [
        -3.141592653589793,
        3.141592653589793
      ],
      "d_omega_hz_bounds": [
        -2000000.0,
        2000000.0
      ],
      "regularization_lambda": 1e-06,
      "regularization_alpha": 1e-06,
      "regularization_omega": 1e-18
    },
    "config_hash": "498608b0505c389e",
    "optimizer_method_stage1": "Powell",
    "optimizer_method_stage2": "L-BFGS-B",
    "cache_hit": false,
    "cache_path": "calibrations\\sqr_SQR_789278ba62949511b06e9d76a4bb8437.json"
  }
}