{
  "sqr_name": "SQR_789278ba62949511b06e9d76a4bb8437",
  "max_n": 2,
  "d_lambda": [
    -9.327350453685555e-08,
    0.0,
    0.0
  ],
  "d_alpha": [
    -2.3849983608153665e-08,
    0.0,
    0.0
  ],
  "d_omega_rad_s": [
    0.0002465495718091908,
    0.0,
    0.0
  ],
  "d_omega_hz": [
    3.923958307062293e-05,
    0.0,
    0.0
  ],
  "theta_target": [
    -4.603698833859033,
    0.0,
    0.0
  ],
  "phi_target": [
    1.5787159007312601,
    0.0,
    0.0
  ],
  "initial_loss": [
    1.5549339593690092e-11,
    0.23097002613306739,
    0.7104912567599944
  ],
  "optimized_loss": [
    1.5695889042209443e-11,
    0.23097002613306739,
    0.7104912567599944
  ],
  "levels": [
    {
      "n": 0,
      "theta_target": -4.603698833859033,
      "phi_target": 1.5787159007312601,
      "skipped": false,
      "initial_params": [
        0.0,
        0.0,
        0.0
      ],
      "optimized_params": [
        -9.327350453685555e-08,
        -2.3849983608153665e-08,
        0.0002465495718091908
      ],
      "initial_loss": 1.5549339593690092e-11,
      "optimized_loss": 1.5695889042209443e-11,
      "process_fidelity": 0.9999999999843041,
      "success_stage1": true,
      "success_stage2": true,
      "message_stage1": "Optimization terminated successfully.",
      "message_stage2": "CONVERGENCE: RELATIVE REDUCTION OF F <= FACTR*EPSMCH"
    },
    {
      "n": 1,
      "theta_target": 0.0,
      "phi_target": 0.0,
      "skipped": true,
      "initial_params": [
        0.0,
        0.0,
        0.0
      ],
      "optimized_params": [
        0.0,
        0.0,
        0.0
      ],
      "initial_loss": 0.23097002613306739,
      "optimized_loss": 0.23097002613306739,
      "process_fidelity": 0.7690299738669326,
      "success_stage1": false,
      "success_stage2": false,
      "message_stage1": "",
      "message_stage2": ""
    },
    {
      "n": 2,
      "theta_target": 0.0,
      "phi_target": 0.0,
      "skipped": true,
      "initial_params": [
        0.0,
        0.0,
        0.0
      ],
      "optimized_params": [
        0.0,
        0.0,
        0.0
      ],
      "initial_loss": 0.7104912567599944,
      "optimized_loss": 0.7104912567599944,
      "process_fidelity": 0.28950874324000564,
      "success_stage1": false,
      "success_stage2": false,
      "message_stage1": "",
      "message_stage2": ""
    }
  ],
  "metadata": {
    "timestamp": "2026-03-03T20:38:45.597683+00:00",
    "objective_type": "process_infidelity_plus_regularization",
    "config_snapshot": {
      "duration_sqr_s": 1e-06,
      "sqr_sigma_fraction": 0.16666666666666666,
      "dt_s": 1e-09,
      "max_step_s": 1e-09,
      "st_chi_hz": -2840421.354241756,
      "st_chi2_hz": 0.0,
      "st_chi3_hz": 0.0,
      "max_n_cal": 2,
      "sqr_theta_cutoff": 1e-10,
      "optimizer_method_stage1": "Powell",
      "optimizer_method_stage2": "L-BFGS-B",
      "d_lambda_bounds": [
        -0.5,
        0.5
      ],
      "d_alpha_bounds": [
        -3.141592653589793,
        3.141592653589793
      ],
      "d_omega_hz_bounds": [
        -2000000.0,
        2000000.0
      ],
      "regularization_lambda": 1e-06,
      "regularization_alpha": 1e-06,
      "regularization_omega": 1e-18
    },
    "config_hash": "1e34016917f38930",
    "optimizer_method_stage1": "Powell",
    "optimizer_method_stage2": "L-BFGS-B",
    "cache_hit": false,
    "cache_path": "calibrations\\sqr_SQR_789278ba62949511b06e9d76a4bb8437.json"
  }
}