{
  "sqr_name": "SQR_63e41f5495e13461bf6cb33f0e5fab82",
  "max_n": 1,
  "d_lambda": [
    -9.06029418157317e-10,
    -0.2617234877330061
  ],
  "d_alpha": [
    -2.6645352591003757e-15,
    -1.8066706965798551
  ],
  "d_omega_rad_s": [
    0.00562063642204755,
    -372151.64013265586
  ],
  "d_omega_hz": [
    0.000894552069891212,
    -59229.77310686836
  ],
  "theta_target": [
    2.8885957805277194,
    -2.8867893419669857
  ],
  "phi_target": [
    -1.1173048026330532,
    -1.4008502306015174
  ],
  "initial_loss": [
    3.1530333899354446e-14,
    0.9987300237660134
  ],
  "optimized_loss": [
    1.7763568426414947e-14,
    0.9838581094377454
  ],
  "levels": [
    {
      "n": 0,
      "theta_target": 2.8885957805277194,
      "phi_target": -1.1173048026330532,
      "skipped": false,
      "initial_params": [
        0.0,
        0.0,
        0.0
      ],
      "optimized_params": [
        -9.06029418157317e-10,
        -2.6645352591003757e-15,
        0.00562063642204755
      ],
      "initial_loss": 3.1530333899354446e-14,
      "optimized_loss": 1.7763568426414947e-14,
      "process_fidelity": 0.9999999999999822,
      "success_stage1": true,
      "success_stage2": true,
      "message_stage1": "Optimization terminated successfully.",
      "message_stage2": "CONVERGENCE: NORM OF PROJECTED GRADIENT <= PGTOL"
    },
    {
      "n": 1,
      "theta_target": -2.8867893419669857,
      "phi_target": -1.4008502306015174,
      "skipped": false,
      "initial_params": [
        0.0,
        0.0,
        0.0
      ],
      "optimized_params": [
        -0.2617234877330061,
        -1.8066706965798551,
        -372151.64013265586
      ],
      "initial_loss": 0.9987300237660134,
      "optimized_loss": 0.9838581094377454,
      "process_fidelity": 0.01614536161728774,
      "success_stage1": true,
      "success_stage2": true,
      "message_stage1": "Optimization terminated successfully.",
      "message_stage2": "CONVERGENCE: NORM OF PROJECTED GRADIENT <= PGTOL"
    }
  ],
  "metadata": {
    "timestamp": "2026-03-03T19:54:11.207592+00:00",
    "objective_type": "process_infidelity_plus_regularization",
    "config_snapshot": {
      "duration_sqr_s": 1e-05,
      "sqr_sigma_fraction": 0.16666666666666666,
      "dt_s": 1e-09,
      "max_step_s": 1e-09,
      "st_chi_hz": -2840421.354241756,
      "st_chi2_hz": 0.0,
      "st_chi3_hz": 0.0,
      "max_n_cal": 1,
      "sqr_theta_cutoff": 1e-10,
      "optimizer_method_stage1": "Powell",
      "optimizer_method_stage2": "L-BFGS-B",
      "d_lambda_bounds": [
        -0.5,
        0.5
      ],
      "d_alpha_bounds": [
        -3.141592653589793,
        3.141592653589793
      ],
      "d_omega_hz_bounds": [
        -2000000.0,
        2000000.0
      ],
      "regularization_lambda": 1e-06,
      "regularization_alpha": 1e-06,
      "regularization_omega": 1e-18
    },
    "config_hash": "06ce19660a356539",
    "optimizer_method_stage1": "Powell",
    "optimizer_method_stage2": "L-BFGS-B",
    "cache_hit": false,
    "cache_path": "calibrations\\sqr_SQR_63e41f5495e13461bf6cb33f0e5fab82.json"
  }
}