{
  "sqr_name": "SQR_3612536fc578543c448af6b973fe2fab",
  "max_n": 8,
  "d_lambda": [
    -9.812301302036808e-08,
    -0.0018896407497452162,
    0.49999403913901347,
    0.4999999795839409,
    0.0,
    0.0,
    0.0,
    0.0,
    0.0
  ],
  "d_alpha": [
    -2.4313884239290928e-14,
    -3.0719862105684754,
    3.132619636308433,
    -4.891632685427446e-07,
    0.0,
    0.0,
    0.0,
    0.0,
    0.0
  ],
  "d_omega_rad_s": [
    -0.006711925978165381,
    -7264897.567015261,
    -1665238.3783079912,
    -2583558.3624899355,
    0.0,
    0.0,
    0.0,
    0.0,
    0.0
  ],
  "d_omega_hz": [
    -0.0010682361970919252,
    -1156244.358846763,
    -265030.9193340484,
    -411186.084156676,
    0.0,
    0.0,
    0.0,
    0.0,
    0.0
  ],
  "theta_target": [
    2.117288570963087,
    1.1733553057973722,
    -2.5188954075381473,
    3.3447316556365614,
    0.0,
    0.0,
    0.0,
    0.0,
    0.0
  ],
  "phi_target": [
    -0.4323251370670569,
    1.951686218705614,
    2.3869691597382108,
    -2.841897642210014,
    0.0,
    0.0,
    0.0,
    0.0,
    0.0
  ],
  "initial_loss": [
    7.823075520718703e-12,
    0.4522665399720365,
    0.9667231692435676,
    0.9997005555140533,
    0.8227738381332537,
    0.3517997734574473,
    0.017744986940244623,
    0.12923619928671015,
    0.5832680395903815
  ],
  "optimized_loss": [
    7.7939876871467e-12,
    0.30604225313781336,
    0.9055061703965869,
    0.9895770036873149,
    0.8227738381332537,
    0.3517997734574473,
    0.017744986940244623,
    0.12923619928671015,
    0.5832680395903815
  ],
  "levels": [
    {
      "n": 0,
      "theta_target": 2.117288570963087,
      "phi_target": -0.4323251370670569,
      "skipped": false,
      "initial_params": [
        0.0,
        0.0,
        0.0
      ],
      "optimized_params": [
        -9.812301302036808e-08,
        -2.4313884239290928e-14,
        -0.006711925978165381
      ],
      "initial_loss": 7.823075520718703e-12,
      "optimized_loss": 7.7939876871467e-12,
      "process_fidelity": 0.999999999992206,
      "success_stage1": true,
      "success_stage2": true,
      "message_stage1": "Optimization terminated successfully.",
      "message_stage2": "CONVERGENCE: NORM OF PROJECTED GRADIENT <= PGTOL"
    },
    {
      "n": 1,
      "theta_target": 1.1733553057973722,
      "phi_target": 1.951686218705614,
      "skipped": false,
      "initial_params": [
        0.0,
        0.0,
        0.0
      ],
      "optimized_params": [
        -0.0018896407497452162,
        -3.0719862105684754,
        -7264897.567015261
      ],
      "initial_loss": 0.4522665399720365,
      "optimized_loss": 0.30604225313781336,
      "process_fidelity": 0.6940199627016945,
      "success_stage1": true,
      "success_stage2": false,
      "message_stage1": "Optimization terminated successfully.",
      "message_stage2": "ABNORMAL: "
    },
    {
      "n": 2,
      "theta_target": -2.5188954075381473,
      "phi_target": 2.3869691597382108,
      "skipped": false,
      "initial_params": [
        0.0,
        0.0,
        0.0
      ],
      "optimized_params": [
        0.49999403913901347,
        3.132619636308433,
        -1665238.3783079912
      ],
      "initial_loss": 0.9667231692435676,
      "optimized_loss": 0.9055061703965869,
      "process_fidelity": 0.09450666592209471,
      "success_stage1": true,
      "success_stage2": false,
      "message_stage1": "Optimization terminated successfully.",
      "message_stage2": "ABNORMAL: "
    },
    {
      "n": 3,
      "theta_target": 3.3447316556365614,
      "phi_target": -2.841897642210014,
      "skipped": false,
      "initial_params": [
        0.0,
        0.0,
        0.0
      ],
      "optimized_params": [
        0.4999999795839409,
        -4.891632685427446e-07,
        -2583558.3624899355
      ],
      "initial_loss": 0.9997005555140533,
      "optimized_loss": 0.9895770036873149,
      "process_fidelity": 0.010429921086476956,
      "success_stage1": true,
      "success_stage2": true,
      "message_stage1": "Optimization terminated successfully.",
      "message_stage2": "CONVERGENCE: NORM OF PROJECTED GRADIENT <= PGTOL"
    },
    {
      "n": 4,
      "theta_target": 0.0,
      "phi_target": 0.0,
      "skipped": true,
      "initial_params": [
        0.0,
        0.0,
        0.0
      ],
      "optimized_params": [
        0.0,
        0.0,
        0.0
      ],
      "initial_loss": 0.8227738381332537,
      "optimized_loss": 0.8227738381332537,
      "process_fidelity": 0.17722616186674633,
      "success_stage1": false,
      "success_stage2": false,
      "message_stage1": "",
      "message_stage2": ""
    },
    {
      "n": 5,
      "theta_target": 0.0,
      "phi_target": 0.0,
      "skipped": true,
      "initial_params": [
        0.0,
        0.0,
        0.0
      ],
      "optimized_params": [
        0.0,
        0.0,
        0.0
      ],
      "initial_loss": 0.3517997734574473,
      "optimized_loss": 0.3517997734574473,
      "process_fidelity": 0.6482002265425527,
      "success_stage1": false,
      "success_stage2": false,
      "message_stage1": "",
      "message_stage2": ""
    },
    {
      "n": 6,
      "theta_target": 0.0,
      "phi_target": 0.0,
      "skipped": true,
      "initial_params": [
        0.0,
        0.0,
        0.0
      ],
      "optimized_params": [
        0.0,
        0.0,
        0.0
      ],
      "initial_loss": 0.017744986940244623,
      "optimized_loss": 0.017744986940244623,
      "process_fidelity": 0.9822550130597554,
      "success_stage1": false,
      "success_stage2": false,
      "message_stage1": "",
      "message_stage2": ""
    },
    {
      "n": 7,
      "theta_target": 0.0,
      "phi_target": 0.0,
      "skipped": true,
      "initial_params": [
        0.0,
        0.0,
        0.0
      ],
      "optimized_params": [
        0.0,
        0.0,
        0.0
      ],
      "initial_loss": 0.12923619928671015,
      "optimized_loss": 0.12923619928671015,
      "process_fidelity": 0.8707638007132898,
      "success_stage1": false,
      "success_stage2": false,
      "message_stage1": "",
      "message_stage2": ""
    },
    {
      "n": 8,
      "theta_target": 0.0,
      "phi_target": 0.0,
      "skipped": true,
      "initial_params": [
        0.0,
        0.0,
        0.0
      ],
      "optimized_params": [
        0.0,
        0.0,
        0.0
      ],
      "initial_loss": 0.5832680395903815,
      "optimized_loss": 0.5832680395903815,
      "process_fidelity": 0.41673196040961846,
      "success_stage1": false,
      "success_stage2": false,
      "message_stage1": "",
      "message_stage2": ""
    }
  ],
  "metadata": {
    "timestamp": "2026-03-05T20:23:02.534638+00:00",
    "objective_type": "process_infidelity_plus_regularization",
    "config_snapshot": {
      "duration_sqr_s": 1e-06,
      "sqr_sigma_fraction": 0.16666666666666666,
      "dt_s": 1e-09,
      "max_step_s": 1e-09,
      "st_chi_hz": -2840421.354241756,
      "st_chi2_hz": 0.0,
      "st_chi3_hz": 0.0,
      "max_n_cal": 8,
      "sqr_theta_cutoff": 1e-10,
      "optimizer_method_stage1": "Powell",
      "optimizer_method_stage2": "L-BFGS-B",
      "d_lambda_bounds": [
        -0.5,
        0.5
      ],
      "d_alpha_bounds": [
        -3.141592653589793,
        3.141592653589793
      ],
      "d_omega_hz_bounds": [
        -2000000.0,
        2000000.0
      ],
      "regularization_lambda": 1e-06,
      "regularization_alpha": 1e-06,
      "regularization_omega": 1e-18
    },
    "config_hash": "cffc7b29de6f511b",
    "optimizer_method_stage1": "Powell",
    "optimizer_method_stage2": "L-BFGS-B",
    "cache_hit": false,
    "cache_path": "calibrations\\sqr_SQR_3612536fc578543c448af6b973fe2fab.json"
  }
}