control,slice,value
x_drive,0,2.402822597205875
y_drive,0,2.0238695539406293
