{
  "hardware_metrics": {
    "kerr_corrected": {
      "hardware_active": true,
      "hardware_map_count": 1,
      "command_max_abs_amplitude": 39042370.80830962,
      "command_rms_amplitude": 23091198.121911988,
      "command_max_slew": 981395131238970.2,
      "command_rms_slew": 664030101193503.9,
      "physical_max_abs_amplitude": 39042370.80830962,
      "physical_rms_amplitude": 22839123.479931626,
      "physical_max_slew": 967398203419655.9,
      "physical_rms_slew": 654529325378360.0,
      "command_physical_rms_delta": 451076.16247752943,
      "command_physical_peak_delta": 769831.0300622899
    },
    "analytic_seed": {
      "hardware_active": true,
      "hardware_map_count": 1,
      "command_max_abs_amplitude": 39132685.06817326,
      "command_rms_amplitude": 23091198.121911988,
      "command_max_slew": 992224589638332.0,
      "command_rms_slew": 664143958562105.0,
      "physical_max_abs_amplitude": 39132685.06817326,
      "physical_rms_amplitude": 22839013.529081047,
      "physical_max_slew": 978073209098881.2,
      "physical_rms_slew": 654644796697953.5,
      "command_physical_rms_delta": 451155.7408213825,
      "command_physical_peak_delta": 778325.9296692014
    },
    "square": {
      "hardware_active": true,
      "hardware_map_count": 1,
      "command_max_abs_amplitude": 32655885.55545207,
      "command_rms_amplitude": 23091198.121911988,
      "command_max_slew": 0.0,
      "command_rms_slew": 0.0,
      "physical_max_abs_amplitude": 32655885.55545207,
      "physical_rms_amplitude": 23091198.121911988,
      "physical_max_slew": 0.0,
      "physical_rms_slew": 0.0,
      "command_physical_rms_delta": 0.0,
      "command_physical_peak_delta": 0.0
    }
  },
  "comparison_table": {
    "kerr_corrected": {
      "waveform_l2_norm": 15149.760624705865,
      "waveform_peak_amplitude": 43982297.15025711,
      "integrated_branch_separation": 3.091046354092912e-08,
      "max_final_residual_photons": 0.00020120117983250517,
      "final_residual_photons_g": 0.00020120117983250517,
      "peak_photons_g": 4.176188119845701,
      "avg_photons_g": 1.1652989913574507,
      "final_residual_photons_e": 0.00019036734695468676,
      "peak_photons_e": 4.168990658575603,
      "avg_photons_e": 1.1586377869339295,
      "measurement_chain_separation": 4088.5098190449658,
      "measurement_chain_accuracy": 1.0,
      "drive_frequency": 43985438742.91069,
      "dt": 4e-09,
      "lindblad_output_separation": 0.30994064166807284,
      "lindblad_final_residual_g": 0.10354657068685462,
      "lindblad_final_residual_e": 0.10017913489236192,
      "lindblad_max_final_residual": 0.10354657068685462,
      "lindblad_peak_photons_g": 3.7650550957393563,
      "lindblad_peak_photons_e": 3.7594964537056463,
      "g_to_e_probability": 0.0,
      "g_population_retained": 1.0,
      "e_to_g_probability": 0.01093972122463129,
      "e_population_retained": 0.989060278775369,
      "e_to_f_probability": 0.0,
      "non_qnd_total": 0.01093972122463129,
      "compiler_dt_s": 4e-09,
      "robustness_worst_residual": 0.0005259674272898936,
      "robustness_worst_separation": 2.8790674254626768e-08,
      "hardware_command_physical_rms_delta": 451076.16247752943
    },
    "analytic_seed": {
      "waveform_l2_norm": 15149.687691562513,
      "waveform_peak_amplitude": 43982297.1502571,
      "integrated_branch_separation": 3.106325097999976e-08,
      "max_final_residual_photons": 0.0017221684286454373,
      "final_residual_photons_g": 0.0001863776067789924,
      "peak_photons_g": 4.176188119845699,
      "avg_photons_g": 1.140398058363022,
      "final_residual_photons_e": 0.0017221684286454373,
      "peak_photons_e": 4.168990658575605,
      "avg_photons_e": 1.1893318259260568,
      "measurement_chain_separation": 4088.509819044972,
      "measurement_chain_accuracy": 1.0,
      "drive_frequency": 43985438742.91069,
      "dt": 4e-09,
      "lindblad_output_separation": 0.3113268200432058,
      "lindblad_final_residual_g": 0.09821503793165749,
      "lindblad_final_residual_e": 0.10684099816252889,
      "lindblad_max_final_residual": 0.10684099816252889,
      "lindblad_peak_photons_g": 3.764483065171563,
      "lindblad_peak_photons_e": 3.7600157263864187,
      "g_to_e_probability": 0.0,
      "g_population_retained": 1.0,
      "e_to_g_probability": 0.0109397212246313,
      "e_population_retained": 0.9890602787753687,
      "e_to_f_probability": 0.0,
      "non_qnd_total": 0.0109397212246313,
      "compiler_dt_s": 4e-09,
      "robustness_worst_residual": 0.0026223671644463997,
      "robustness_worst_separation": 2.8915821243826886e-08,
      "hardware_command_physical_rms_delta": 451155.7408213825
    },
    "square": {
      "waveform_l2_norm": 15316.96802602827,
      "waveform_peak_amplitude": 32655885.55545207,
      "integrated_branch_separation": 2.389890165808466e-07,
      "max_final_residual_photons": 15.10940769973538,
      "final_residual_photons_g": 15.10940769973538,
      "peak_photons_g": 15.10940769973538,
      "avg_photons_g": 6.868766116593869,
      "final_residual_photons_e": 13.293332908283551,
      "peak_photons_e": 13.293332908283551,
      "avg_photons_e": 6.517021160452466,
      "measurement_chain_separation": 3035.6283639972153,
      "measurement_chain_accuracy": 1.0,
      "drive_frequency": 43985438742.91069,
      "dt": 4e-09,
      "lindblad_output_separation": 0.5517057300142426,
      "lindblad_final_residual_g": 2.618806571302987,
      "lindblad_final_residual_e": 2.619660947115124,
      "lindblad_max_final_residual": 2.619660947115124,
      "lindblad_peak_photons_g": 5.049678741225714,
      "lindblad_peak_photons_e": 5.036871727571025,
      "g_to_e_probability": 0.0,
      "g_population_retained": 1.0000000000000002,
      "e_to_g_probability": 0.010939721224631336,
      "e_population_retained": 0.9890602787753688,
      "e_to_f_probability": 0.0,
      "non_qnd_total": 0.010939721224631336,
      "compiler_dt_s": 4e-09,
      "robustness_worst_residual": 15.719451053534856,
      "robustness_worst_separation": 2.2294199926324546e-07,
      "hardware_command_physical_rms_delta": 0.0
    }
  },
  "amplitude_sweep": {
    "amplitude_cap_mhz": [
      5.0,
      6.0,
      7.0,
      8.0,
      9.0
    ],
    "peak_photons_e": [
      2.1280713774560183,
      3.063755195835746,
      4.168990658575603,
      5.443441491982291,
      6.8866814394357805
    ],
    "measurement_chain_accuracy": [
      1.0,
      1.0,
      1.0,
      1.0,
      1.0
    ]
  },
  "artifacts": {
    "prefilter_vs_postfilter": "outputs\\readout_emptying_qualification\\04_hardware_sensitivity\\prefilter_vs_postfilter.png",
    "mismatch_heatmap": "outputs\\readout_emptying_qualification\\04_hardware_sensitivity\\mismatch_heatmap.png",
    "performance_vs_max_photons": "outputs\\readout_emptying_qualification\\04_hardware_sensitivity\\performance_vs_max_photons.png"
  }
}