{
  "rows": [
    {
      "profile": "structured_seed41",
      "case": "D",
      "duration_us": 1.0,
      "envelope_kind": "gaussian",
      "mean_process_fidelity": 0.6747487838027346,
      "min_process_fidelity": 0.024048661754365354,
      "phase_sensitive_rms_rad": 1.2374176615349612,
      "phase_axis_rms_rad": 0.11328678477436288,
      "residual_pre_z_rms_rad": 1.1840687919500998,
      "residual_post_z_rms_rad": 0.34110067341471184,
      "theta_error_rms_rad": 1.297346470939486,
      "mean_neighbor_leakage": 1.2953633068578156,
      "max_neighbor_leakage": 8.165509370687962,
      "state_fidelity_mean": 0.8643784306973057,
      "state_fidelity_representative_mean": 0.7431651423233684,
      "off_block_norm": 0.0,
      "neighbor_overlap_proxy_mean": 0.0006205369000835817,
      "neighbor_overlap_proxy_max": 0.0052803011307611504,
      "loss_terms": {
        "infidelity": 0.3252512161972655,
        "phase_axis": 0.0032084739011282045,
        "theta": 0.37719478896175185,
        "residual_z": 0.3699047437527721,
        "state": 0.04746754925594301,
        "off_block": 0.0,
        "selectivity_mean": 0.00027924160503761176,
        "selectivity_max": 0.0013200752826902876,
        "regularization": 0.02912242695487057
      }
    },
    {
      "profile": "structured_seed41",
      "case": "D",
      "duration_us": 1.0,
      "envelope_kind": "flat_top",
      "mean_process_fidelity": 0.49592318051451956,
      "min_process_fidelity": 0.00892776802796441,
      "phase_sensitive_rms_rad": 1.8283606840226754,
      "phase_axis_rms_rad": 0.6785937509630944,
      "residual_pre_z_rms_rad": 1.1735596637374786,
      "residual_post_z_rms_rad": 1.2268541183376613,
      "theta_error_rms_rad": 1.3962448070047209,
      "mean_neighbor_leakage": 1.1515465518196946,
      "max_neighbor_leakage": 5.235162628893225,
      "state_fidelity_mean": 0.7120844578484455,
      "state_fidelity_representative_mean": 0.5878752540383279,
      "off_block_norm": 0.0,
      "neighbor_overlap_proxy_mean": 0.0013399932414549043,
      "neighbor_overlap_proxy_max": 0.010129147714037659,
      "loss_terms": {
        "infidelity": 0.5040768194854806,
        "phase_axis": 0.11512236971154054,
        "theta": 0.5885251016447216,
        "residual_z": 0.45458935974479997,
        "state": 0.10077043975304406,
        "off_block": 0.0,
        "selectivity_mean": 0.0006029969586547069,
        "selectivity_max": 0.0025322869285094147,
        "regularization": 0.0064786296112491525
      }
    },
    {
      "profile": "structured_seed41",
      "case": "D",
      "duration_us": 1.5,
      "envelope_kind": "gaussian",
      "mean_process_fidelity": 0.5484961614082013,
      "min_process_fidelity": 0.13161039910496103,
      "phase_sensitive_rms_rad": 1.2548476011711605,
      "phase_axis_rms_rad": 0.5344736024006124,
      "residual_pre_z_rms_rad": 0.5446253997238514,
      "residual_post_z_rms_rad": 0.9961745050329098,
      "theta_error_rms_rad": 0.9256794942772847,
      "mean_neighbor_leakage": 2.4009958825301276,
      "max_neighbor_leakage": 17.49960116443223,
      "state_fidelity_mean": 0.5985643512001684,
      "state_fidelity_representative_mean": 0.5691713369527761,
      "off_block_norm": 0.0,
      "neighbor_overlap_proxy_mean": 0.00515617099199942,
      "neighbor_overlap_proxy_max": 0.05953028352042363,
      "loss_terms": {
        "infidelity": 0.45150383859179855,
        "phase_axis": 0.07141550791577198,
        "theta": 0.4606340639659356,
        "residual_z": 0.16679408807552856,
        "state": 0.14050247707994107,
        "off_block": 0.0,
        "selectivity_mean": 0.002320276946399739,
        "selectivity_max": 0.014882570880105908,
        "regularization": 0.009791005281346923
      }
    },
    {
      "profile": "structured_seed41",
      "case": "D",
      "duration_us": 1.5,
      "envelope_kind": "flat_top",
      "mean_process_fidelity": 0.6630254144802408,
      "min_process_fidelity": 0.2587565018276333,
      "phase_sensitive_rms_rad": 0.9816512924533278,
      "phase_axis_rms_rad": 0.28692387048304824,
      "residual_pre_z_rms_rad": 0.6613386861555716,
      "residual_post_z_rms_rad": 0.6662920491168555,
      "theta_error_rms_rad": 1.0605404274605852,
      "mean_neighbor_leakage": 1.6277832478839345,
      "max_neighbor_leakage": 10.088323807288536,
      "state_fidelity_mean": 0.7114296366337133,
      "state_fidelity_representative_mean": 0.563666394247089,
      "off_block_norm": 0.0,
      "neighbor_overlap_proxy_mean": 0.00014814043704421424,
      "neighbor_overlap_proxy_max": 0.0003859765301852312,
      "loss_terms": {
        "infidelity": 0.3369745855197591,
        "phase_axis": 0.02058132686324326,
        "theta": 0.3096967193338871,
        "residual_z": 0.10361737900322536,
        "state": 0.10099962717820035,
        "off_block": 0.0,
        "selectivity_mean": 6.666319666989641e-05,
        "selectivity_max": 9.64941325463078e-05,
        "regularization": 0.007668358448351719
      }
    },
    {
      "profile": "moderate_random_seed64",
      "case": "D",
      "duration_us": 1.0,
      "envelope_kind": "gaussian",
      "mean_process_fidelity": 0.724546209731665,
      "min_process_fidelity": 0.05211270781953382,
      "phase_sensitive_rms_rad": 0.9276760903168254,
      "phase_axis_rms_rad": 0.16398316267177052,
      "residual_pre_z_rms_rad": 0.6196523536659843,
      "residual_post_z_rms_rad": 0.6706142046675423,
      "theta_error_rms_rad": 1.11454203838753,
      "mean_neighbor_leakage": 0.714539284523148,
      "max_neighbor_leakage": 1.9989228534807582,
      "state_fidelity_mean": 0.8419436879258886,
      "state_fidelity_representative_mean": 0.7849479105505817,
      "off_block_norm": 0.0,
      "neighbor_overlap_proxy_mean": 0.0006959329470061729,
      "neighbor_overlap_proxy_max": 0.0038913972204415548,
      "loss_terms": {
        "infidelity": 0.2754537902683351,
        "phase_axis": 0.0067226194099590875,
        "theta": 0.29938147212866145,
        "residual_z": 0.2311981844346879,
        "state": 0.05531970922593899,
        "off_block": 0.0,
        "selectivity_mean": 0.00031316982615277783,
        "selectivity_max": 0.0009728493051103887,
        "regularization": 0.03648820122623125
      }
    },
    {
      "profile": "moderate_random_seed64",
      "case": "D",
      "duration_us": 1.0,
      "envelope_kind": "flat_top",
      "mean_process_fidelity": 0.47648023990182875,
      "min_process_fidelity": 0.0051329534993855095,
      "phase_sensitive_rms_rad": 1.2990328972823573,
      "phase_axis_rms_rad": 0.16220350728290261,
      "residual_pre_z_rms_rad": 0.967995401640969,
      "residual_post_z_rms_rad": 0.850976728735199,
      "theta_error_rms_rad": 1.2201840902549574,
      "mean_neighbor_leakage": 0.6766828406312654,
      "max_neighbor_leakage": 1.9979430205848545,
      "state_fidelity_mean": 0.7740463709184895,
      "state_fidelity_representative_mean": 0.7081936095636839,
      "off_block_norm": 0.0,
      "neighbor_overlap_proxy_mean": 0.004723305853982231,
      "neighbor_overlap_proxy_max": 0.0252149205416833,
      "loss_terms": {
        "infidelity": 0.5235197600981712,
        "phase_axis": 0.0065774944437186605,
        "theta": 0.575572561267352,
        "residual_z": 0.45011604643638375,
        "state": 0.07908377017852868,
        "off_block": 0.0,
        "selectivity_mean": 0.002125487634292004,
        "selectivity_max": 0.006303730135420825,
        "regularization": 0.01708760185486654
      }
    },
    {
      "profile": "moderate_random_seed64",
      "case": "D",
      "duration_us": 1.5,
      "envelope_kind": "gaussian",
      "mean_process_fidelity": 0.48621183709690824,
      "min_process_fidelity": 0.11500658262105228,
      "phase_sensitive_rms_rad": 1.3102177008158358,
      "phase_axis_rms_rad": 0.7136160682969608,
      "residual_pre_z_rms_rad": 0.7092599952385358,
      "residual_post_z_rms_rad": 0.8392691998124048,