{
  "rows": [
    {
      "profile": "structured_seed41",
      "case": "D",
      "duration_us": 1.0,
      "envelope_kind": "gaussian",
      "mean_process_fidelity": 0.6905655299801575,
      "min_process_fidelity": 0.3718234728467936,
      "phase_sensitive_rms_rad": 1.9479056172713676,
      "phase_axis_rms_rad": 1.1074660574572202,
      "residual_pre_z_rms_rad": 1.2820660593399866,
      "residual_post_z_rms_rad": 0.9613333682266239,
      "theta_error_rms_rad": 1.8015977367549196,
      "mean_neighbor_leakage": 1.8526578372572864,
      "max_neighbor_leakage": 6.231198277853272,
      "state_fidelity_mean": 0.730099189771761,
      "state_fidelity_representative_mean": 0.6816809488788625,
      "off_block_norm": 0.2260213855541791,
      "neighbor_overlap_proxy_mean": 7.74290265155123e-05,
      "neighbor_overlap_proxy_max": 0.0005998463701505706,
      "loss_terms": {
        "infidelity": 0.3094344700198426,
        "phase_axis": 0.3066202671049597,
        "theta": 0.8317759102104311,
        "residual_z": 0.32699310392442493,
        "state": 0.09446528357988364,
        "off_block": 0.009195420011009559,
        "selectivity_mean": 3.484306193198054e-05,
        "selectivity_max": 0.00014996159253764265,
        "regularization": 0.0009106721902997272
      }
    },
    {
      "profile": "structured_seed41",
      "case": "D",
      "duration_us": 1.0,
      "envelope_kind": "flat_top",
      "mean_process_fidelity": 0.7098105260478361,
      "min_process_fidelity": 0.36983730034154594,
      "phase_sensitive_rms_rad": 2.082492056823727,
      "phase_axis_rms_rad": 1.1074660574572202,
      "residual_pre_z_rms_rad": 1.351031132901312,
      "residual_post_z_rms_rad": 1.1335814819612544,
      "theta_error_rms_rad": 1.996791436924003,
      "mean_neighbor_leakage": 1.714706065328179,
      "max_neighbor_leakage": 5.944361585395356,
      "state_fidelity_mean": 0.753926682288063,
      "state_fidelity_representative_mean": 0.6958673754286681,
      "off_block_norm": 0.48115039548452015,
      "neighbor_overlap_proxy_mean": 0.0024525951759241473,
      "neighbor_overlap_proxy_max": 0.02716973178740954,
      "loss_terms": {
        "infidelity": 0.2901894739521638,
        "phase_axis": 0.3066202671049597,
        "theta": 0.9138787923405867,
        "residual_z": 0.08818160107846812,
        "state": 0.08612566119917793,
        "off_block": 0.04167102655348382,
        "selectivity_mean": 0.0011036678291658664,
        "selectivity_max": 0.006792432946852385,
        "regularization": 0.005300022035860982
      }
    },
    {
      "profile": "structured_seed41",
      "case": "D",
      "duration_us": 2.5,
      "envelope_kind": "gaussian",
      "mean_process_fidelity": 0.7290173400312272,
      "min_process_fidelity": 0.3341342595005608,
      "phase_sensitive_rms_rad": 1.3719549609021355,
      "phase_axis_rms_rad": 1.1074660574572202,
      "residual_pre_z_rms_rad": 0.35659841636025374,
      "residual_post_z_rms_rad": 0.7270604622543441,
      "theta_error_rms_rad": 2.6166400148558298,
      "mean_neighbor_leakage": 14.861082251597628,
      "max_neighbor_leakage": 162.84576648153967,
      "state_fidelity_mean": 0.7289995139548275,
      "state_fidelity_representative_mean": 0.7228532537596069,
      "off_block_norm": 0.11246220276093222,
      "neighbor_overlap_proxy_mean": 0.0020055945369242922,
      "neighbor_overlap_proxy_max": 0.024067134443091442,
      "loss_terms": {
        "infidelity": 0.27098265996877274,
        "phase_axis": 0.3066202671049597,
        "theta": 1.429437186549198,
        "residual_z": 0.07099079819150475,
        "state": 0.09485017011581036,
        "off_block": 0.0022765944689713854,
        "selectivity_mean": 0.0009025175416159315,
        "selectivity_max": 0.006016783610772861,
        "regularization": 0.006122726559553256
      }
    },
    {
      "profile": "structured_seed41",
      "case": "D",
      "duration_us": 2.5,
      "envelope_kind": "flat_top",
      "mean_process_fidelity": 0.7289894934250986,
      "min_process_fidelity": 0.3717894226872485,
      "phase_sensitive_rms_rad": 2.4825015659279788,
      "phase_axis_rms_rad": 1.1074660574572202,
      "residual_pre_z_rms_rad": 1.5491738370241206,
      "residual_post_z_rms_rad": 1.5926058454919063,
      "theta_error_rms_rad": 2.457819182976397,
      "mean_neighbor_leakage": 1856700.4196615203,
      "max_neighbor_leakage": 22280372.537553478,
      "state_fidelity_mean": 0.7481765207555466,
      "state_fidelity_representative_mean": 0.7264177683229431,
      "off_block_norm": 0.19151923290311768,
      "neighbor_overlap_proxy_mean": 2.700780184154201e-06,
      "neighbor_overlap_proxy_max": 3.230757009938907e-05,
      "loss_terms": {
        "infidelity": 0.2710105065749014,
        "phase_axis": 0.3066202671049597,
        "theta": 1.3512108452748122,
        "residual_z": 0.26757616643923343,
        "state": 0.08813821773555867,
        "off_block": 0.006602330982923754,
        "selectivity_mean": 1.2153510828693904e-06,
        "selectivity_max": 8.076892524847268e-06,
        "regularization": 0.0008473442798265206
      }
    },
    {
      "profile": "moderate_random_seed64",
      "case": "D",
      "duration_us": 1.0,
      "envelope_kind": "gaussian",
      "mean_process_fidelity": 0.592201634550664,
      "min_process_fidelity": 0.3499650872521029,
      "phase_sensitive_rms_rad": 1.818207912820005,
      "phase_axis_rms_rad": 1.4793271589481278,
      "residual_pre_z_rms_rad": 0.7404889922789348,
      "residual_post_z_rms_rad": 0.7544184670018803,
      "theta_error_rms_rad": 1.6552298851533997,
      "mean_neighbor_leakage": 1.8525993804545235,
      "max_neighbor_leakage": 6.23120232329174,
      "state_fidelity_mean": 0.7387346295350137,
      "state_fidelity_representative_mean": 0.7069545446946787,
      "off_block_norm": 0.24101939831948144,
      "neighbor_overlap_proxy_mean": 3.8021777446845475e-05,
      "neighbor_overlap_proxy_max": 0.0003511258980191908,
      "loss_terms": {
        "infidelity": 0.4077983654493359,
        "phase_axis": 0.5471022108003849,
        "theta": 0.7838302129794497,
        "residual_z": 0.1314975675722022,
        "state": 0.09144287966274521,
        "off_block": 0.010456263065931273,
        "selectivity_mean": 1.7109799851080464e-05,
        "selectivity_max": 8.77814745047977e-05,
        "regularization": 0.0017774399070356116
      }
    },
    {
      "profile": "moderate_random_seed64",
      "case": "D",
      "duration_us": 1.0,
      "envelope_kind": "flat_top",
      "mean_process_fidelity": 0.6003110221102071,
      "min_process_fidelity": 0.3460972243830839,
      "phase_sensitive_rms_rad": 1.8007619460108064,
      "phase_axis_rms_rad": 1.4793271589481278,
      "residual_pre_z_rms_rad": 0.7548646481347719,
      "residual_post_z_rms_rad": 0.6960704748769727,
      "theta_error_rms_rad": 1.6511450959335316,
      "mean_neighbor_leakage": 2717641.8360313256,
      "max_neighbor_leakage": 32573382.72809392,
      "state_fidelity_mean": 0.750718363675065,
      "state_fidelity_representative_mean": 0.7057943643671616,
      "off_block_norm": 0.39018661644721353,
      "neighbor_overlap_proxy_mean": 0.0006276510838230197,
      "neighbor_overlap_proxy_max": 0.005016506791289046,
      "loss_terms": {
        "infidelity": 0.39968897788979285,
        "phase_axis": 0.5471022108003849,
        "theta": 0.7700840570751523,
        "residual_z": 0.12349644104224843,
        "state": 0.08724857271372727,
        "off_block": 0.027404207217814485,
        "selectivity_mean": 0.0002824429877203589,
        "selectivity_max": 0.0012541266978222615,
        "regularization": 0.0036886984510451433
      }
    },
    {
      "profile": "moderate_random_seed64",
      "case": "D",
      "duration_us": 2.0,
      "envelope_kind": "gaussian",
      "mean_process_fidelity": 0.4680606940605378,
      "min_process_fidelity": 0.04141028220182663,