{
  "sqr_name": "sqr_case_d",
  "max_n": 1,
  "d_lambda": [
    0.0,
    -0.000474663936141826
  ],
  "d_alpha": [
    0.0,
    0.0007905451102820779
  ],
  "d_omega_rad_s": [
    0.0,
    1689906.7823250697
  ],
  "d_omega_hz": [
    0.0,
    268957.0177715544
  ],
  "theta_target": [
    0.0,
    0.7853981633974483
  ],
  "phi_target": [
    0.0,
    0.6283185307179586
  ],
  "initial_loss": [
    0.0,
    0.16864231428610577
  ],
  "optimized_loss": [
    0.0,
    0.14644946519392624
  ],
  "levels": [
    {
      "n": 0,
      "theta_target": 0.0,
      "phi_target": 0.0,
      "skipped": true,
      "initial_params": [
        0.0,
        0.0,
        0.0
      ],
      "optimized_params": [
        0.0,
        0.0,
        0.0
      ],
      "initial_loss": 0.0,
      "optimized_loss": 0.0,
      "process_fidelity": 1.0,
      "success_stage1": false,
      "success_stage2": false,
      "message_stage1": "",
      "message_stage2": ""
    },
    {
      "n": 1,
      "theta_target": 0.7853981633974483,
      "phi_target": 0.6283185307179586,
      "skipped": false,
      "initial_params": [
        0.0,
        0.0,
        0.0
      ],
      "optimized_params": [
        -0.000474663936141826,
        0.0007905451102820779,
        1689906.7823250697
      ],
      "initial_loss": 0.16864231428610577,
      "optimized_loss": 0.14644946519392624,
      "process_fidelity": 0.853553390591857,
      "success_stage1": true,
      "success_stage2": false,
      "message_stage1": "Optimization terminated successfully.",
      "message_stage2": "ABNORMAL: "
    }
  ],
  "metadata": {
    "timestamp": "2026-03-03T07:33:07.405719+00:00",
    "objective_type": "process_infidelity_plus_regularization",
    "config_snapshot": {
      "duration_sqr_s": 1.0,
      "sqr_sigma_fraction": 0.16666666666666666,
      "dt_s": 0.005,
      "max_step_s": 0.005,
      "st_chi_hz": -200000.0,
      "st_chi2_hz": 0.0,
      "st_chi3_hz": 0.0,
      "max_n_cal": 1,
      "sqr_theta_cutoff": 1e-10,
      "optimizer_method_stage1": "Powell",
      "optimizer_method_stage2": "L-BFGS-B",
      "d_lambda_bounds": [
        -0.5,
        0.5
      ],
      "d_alpha_bounds": [
        -3.141592653589793,
        3.141592653589793
      ],
      "d_omega_hz_bounds": [
        -500000.0,
        500000.0
      ],
      "regularization_lambda": 1e-06,
      "regularization_alpha": 1e-06,
      "regularization_omega": 1e-18
    },
    "config_hash": "450f8eed848c7013",
    "optimizer_method_stage1": "Powell",
    "optimizer_method_stage2": "L-BFGS-B",
    "cache_hit": false,
    "cache_path": "calibrations\\_test_cache\\sqr_sqr_case_d.json"
  }
}