{
  "core": {
    "compile_heavy_20": {
      "best_s": 0.000595899997279048,
      "avg_s": 0.0006678000014896194,
      "runs_s": [
        0.0006033999961800873,
        0.000595899997279048,
        0.000804100011009723
      ]
    },
    "repeat_simulate_20_raw": {
      "best_s": 0.08179780002683401,
      "avg_s": 0.08574725000653416,
      "runs_s": [
        0.08969669998623431,
        0.08179780002683401
      ]
    },
    "repeat_simulate_20_prepared": {
      "best_s": 0.07725989999016747,
      "avg_s": 0.07753349997801706,
      "runs_s": [
        0.07780709996586666,
        0.07725989999016747
      ]
    }
  },
  "protocols": {
    "run_all_xy": {
      "best_s": 0.05747739999787882,
      "avg_s": 0.05821099999593571,
      "runs_s": [
        0.05747739999787882,
        0.0589445999939926
      ]
    },
    "run_fock_resolved_tomo_n2": {
      "best_s": 0.07544630003394559,
      "avg_s": 0.07544630003394559,
      "runs_s": [
        0.07544630003394559
      ]
    }
  },
  "calibration": {
    "build_sqr_multitone_pulse": {
      "best_s": 9.429996134713292e-05,
      "avg_s": 0.00014193332754075527,
      "runs_s": [
        0.00021959998412057757,
        0.00011190003715455532,
        9.429996134713292e-05
      ]
    },
    "conditional_loss_12": {
      "best_s": 0.025364400004036725,
      "avg_s": 0.025716500007547438,
      "runs_s": [
        0.025364400004036725,
        0.02606860001105815
      ]
    }
  },
  "synthesis": {
    "unitary_fit_small": {
      "best_s": 0.07607510004891083,
      "avg_s": 0.07607510004891083,
      "runs_s": [
        0.07607510004891083
      ]
    }
  },
  "parallel": {
    "4": {
      "serial_s": 0.005392799968831241,
      "parallel_s": 10.546769000007771,
      "speedup": 0.0005113224693578922
    },
    "8": {
      "serial_s": 0.014993100019637495,
      "parallel_s": 10.567482299986295,
      "speedup": 0.0014187958488141436
    },
    "16": {
      "serial_s": 0.023193799948785454,
      "parallel_s": 11.07830809999723,
      "speedup": 0.0020936229376750455
    }
  }
}
