{
  "chi_mhz": -2.84,
  "displacement": {
    "amp": 0.035,
    "duration_ns": 80.0,
    "nbar_after_displacement": 1.5780061047777976,
    "p_n_first_8": [
      0.20638647815264885,
      0.3256784585319976,
      0.2569612363841307,
      0.1351623154162719,
      0.053321823398381214,
      0.016828434705515684,
      0.004425884707772959,
      0.0009977199557847762
    ]
  },
  "spectroscopy": {
    "amp": 0.004,
    "duration_ns": 1200.0,
    "gap_ns": 20.0,
    "detunings_mhz": [
      -12.0,
      -11.8,
      -11.6,
      -11.4,
      -11.2,
      -11.0,
      -10.8,
      -10.6,
      -10.4,
      -10.2,
      -10.0,
      -9.8,
      -9.6,
      -9.4,
      -9.2,
      -9.0,
      -8.8,
      -8.6,
      -8.4,
      -8.2,
      -8.0,
      -7.8,
      -7.6,
      -7.3999999999999995,
      -7.199999999999999,
      -7.0,
      -6.8,
      -6.6,
      -6.3999999999999995,
      -6.199999999999999,
      -6.0,
      -5.8,
      -5.6,
      -5.3999999999999995,
      -5.199999999999999,
      -5.0,
      -4.8,
      -4.6,
      -4.3999999999999995,
      -4.199999999999999,
      -4.0,
      -3.799999999999999,
      -3.5999999999999996,
      -3.4000000000000004,
      -3.1999999999999993,
      -3.0,
      -2.799999999999999,
      -2.5999999999999996,
      -2.3999999999999986,
      -2.1999999999999993,
      -2.0,
      -1.799999999999999,
      -1.5999999999999996,
      -1.3999999999999986,
      -1.1999999999999993,
      -1.0,
      -0.7999999999999989,
      -0.5999999999999996,
      -0.3999999999999986,
      -0.1999999999999993,
      0.0,
      0.20000000000000107,
      0.40000000000000036,
      0.6000000000000014,
      0.8000000000000007,
      1.0,
      1.200000000000001,
      1.4000000000000004,
      1.6000000000000014,
      1.8000000000000007,
      2.0,
      2.200000000000001,
      2.4000000000000004,
      2.6000000000000014,
      2.8000000000000007,
      3.0,
      3.200000000000001,
      3.4000000000000004,
      3.6000000000000014,
      3.8000000000000007,
      4.0,
      4.199999999999999,
      4.400000000000002,
      4.600000000000001,
      4.800000000000001,
      5.0,
      5.199999999999999,
      5.400000000000002,
      5.600000000000001,
      5.800000000000001,
      6.0,
      6.199999999999999,
      6.400000000000002,
      6.600000000000001,
      6.800000000000001,
      7.0,
      7.200000000000003,
      7.400000000000002,
      7.600000000000001,
      7.800000000000001,
      8.0,
      8.200000000000003,
      8.400000000000002,
      8.600000000000001,
      8.8,
      9.0,
      9.200000000000003,
      9.400000000000002,
      9.600000000000001,
      9.8,
      10.0,
      10.200000000000003,
      10.400000000000002,
      10.600000000000001,
      10.8,
      11.0,
      11.200000000000003,
      11.400000000000002,
      11.600000000000001,
      11.8,
      12.0
    ],
    "pe_final": [
      0.05064530708918639,
      0.06402068984318268,
      0.06543011089863102,
      0.07135980422944267,
      0.08462792613137599,
      0.08397186966422449,
      0.05752051819208182,
      0.030388988742246877,
      0.036548600341385726,
      0.06852191873793345,
      0.08154227443173712,
      0.05523653663130789,
      0.026572101364005805,
      0.04200184417502269,
      0.09439716571817655,
      0.13626165321809722,
      0.14820348712593928,
      0.15766666004472366,
      0.18056237087683405,
      0.18286662680263605,
      0.13253028155814645,
      0.06565319277278145,
      0.05377689970275699,
      0.10496550056208499,
      0.1441138374531363,
      0.11335103679642453,
      0.054863544757247286,
      0.056091949496822134,
      0.13412662487501004,
      0.2219347866505468,
      0.2658831596507618,
      0.28411676426859506,
      0.30703346873734366,
      0.30748134415516687,
      0.24017353585197532,
      0.13185339623461942,
      0.07380869408910458,
      0.10977160472574543,
      0.174210309569911,
      0.17425877462857095,
      0.10943404796253937,
      0.07072966485245205,
      0.1254424728270127,
      0.24044551651227414,
      0.33303506556556045,
      0.36653944675743366,
      0.36527201819256544,
      0.3492093166291663,
      0.2975679889484984,
      0.19626225623622093,
      0.0926632332495238,
      0.06184001056629631,
      0.1138820679242694,
      0.1692586965582195,
      0.1513623911692196,
      0.08447823275801215,
      0.0645006017984863,
      0.13471535621134004,
      0.2306345015957577,
      0.26596059033617947,
      0.23738071763843163,
      0.20553604626086178,
      0.19328899907092062,
      0.1592771086030355,
      0.08183189231196579,
      0.014965661064889254,
      0.021171055880395404,
      0.07864437436830671,
      0.10530626500729746,
      0.06804269241487623,
      0.019694001563001343,
      0.016901360332388666,
      0.04499228223155595,
      0.05251729495170544,
      0.02958657361249333,
      0.012186751751975915,
      0.020404272974592196,
      0.03269691062956555,
      0.026763364985303417,
      0.013082107989042087,
      0.01205109156558205,
      0.020515166837766607,
      0.021316757671839288,
      0.012953572808004913,
      0.009002431944276324,
      0.013609519574558275,
      0.01644683482424758,
      0.011968667536111552,
      0.007676542747942651,
      0.009642069322264203,
      0.01266729219006659,
      0.010653705458402858,
      0.006929244302573781,
      0.007284008068159674,
      0.00984630281957633,
      0.009300187543074972,
      0.0063817777601522414,
      0.005829617120759211,
      0.007759443841079237,
      0.00803600933562713,
      0.005906175723100548,
      0.00489798178020806,
      0.00621475944758713,
      0.0069072216427603335,
      0.005459616205402041,
      0.00427690441852569,
      0.005067479331966741,
      0.0059229065005683215,
      0.005029334071266808,
      0.003843850672018296,
      0.004212102022824106,
      0.005076600724191804,
      0.004613180183567734,
      0.0035256822184664863,
      0.00357272848637086,
      0.004355963091285186,
      0.004212711887383001,
      0.0032776308546625687,
      0.0030937660267555556,
      0.0037472057957770406,
      0.003830090988708087
    ],
    "peak_detuning_mhz": -3.0
  },
  "predicted_transition_lines_mhz": [
    -0.0,
    -2.84,
    -5.68,
    -8.52,
    -11.36,
    -14.2,
    -17.04,
    -19.88
  ],
  "predicted_line_weights": [
    0.20638647815264885,
    0.3256784585319976,
    0.2569612363841307,
    0.1351623154162719,
    0.053321823398381214,
    0.016828434705515684,
    0.004425884707772959,
    0.0009977199557847762
  ],
  "units": {
    "detuning": "MHz relative to bare qubit frame",
    "chi": "MHz",
    "carrier": "rad/ns"
  }
}