{
  "units": {
    "freq_conversion": "omega(rad/ns)=2*pi*f(Hz)*1e-9",
    "time_conversion": "t(s)=t(ns)*1e-9",
    "t1_ns": 9812.873848245112,
    "t2_ns": 6324.73112712837,
    "tphi_ns": 9332.18725815894,
    "used_fock_frequency_source": "fock_fqs (direct source-of-truth)"
  },
  "leakage_calibration": {
    "alpha_set": [
      0.25,
      0.5,
      1.4,
      1.7
    ],
    "poisson_design_condition": 45.5773091754264,
    "leakage_fit_condition": 45.56911276495924
  },
  "cross_validation_rmse": {
    "before": {
      "fock_diagonal_correlated": 0.14802287522640956,
      "coherent_with_known_qubit": 0.08957358614017107,
      "mixture_spanning_fock": 0.09996050614095581
    },
    "after": {
      "fock_diagonal_correlated": 0.14802287522640956,
      "coherent_with_known_qubit": 0.08957358614017107,
      "mixture_spanning_fock": 0.08948615301747412
    },
    "improved_on_all_states": true
  },
  "tomography_results": {
    "fock_diagonal_correlated": {
      "true_v": {
        "x": [
          0.0,
          0.25641025641025644,
          0.0,
          0.0
        ],
        "y": [
          0.0,
          0.0,
          0.20512820512820512,
          0.0
        ],
        "z": [
          0.3846153846153846,
          0.0,
          0.0,
          -0.15384615384615383
        ]
      },
      "raw_v": {
        "x": [
          0.08822135710749479,
          -0.009500464390995,
          0.008184405585694221,
          0.006738330506980611
        ],
        "y": [
          -0.02064666163334511,
          0.003477968860929964,
          0.008606927569845019,
          0.0020170941356435212
        ],
        "z": [
          0.037890622300308374,
          0.017304864745651516,
          0.005722060871380219,
          0.0033544408439687146
        ]
      },
      "rec_v_unmixed": {
        "x": [
          0.003317927767281022,
          0.006932568227661904,
          -0.0031054005935992127,
          0.023636764311559467
        ],
        "y": [
          -0.0038406513213644915,
          -0.007306374030004278,
          0.0034609520713784945,
          -0.025217640857523455
        ],
        "z": [
          0.00035436483923375315,
          0.0006051179974626467,
          -0.00030657819895604397,
          0.002121204298519604
        ]
      },
      "rec_v": {
        "x": [
          0.08822135710749479,
          -0.009500464390995,
          0.008184405585694221,
          0.006738330506980611
        ],
        "y": [
          -0.02064666163334511,
          0.003477968860929964,
          0.008606927569845019,
          0.0020170941356435212
        ],
        "z": [
          0.037890622300308374,
          0.017304864745651516,
          0.005722060871380219,
          0.0033544408439687146
        ]
      },
      "p_true": [
        0.3846153846153846,
        0.25641025641025644,
        0.20512820512820512,
        0.15384615384615383
      ],
      "p_est": [
        0.2956541688615809,
        0.04032450043132935,
        0.014880334634816778,
        0.008109383523931054
      ],
      "rmse_before": 0.14802287522640956,
      "rmse_after": 0.14802287522640956,
      "used_unmixed": false
    },
    "coherent_with_known_qubit": {
      "true_v": {
        "x": [
          0.13281597813646448,
          0.14642961592425094,
          0.08071932551147709,
          0.02966435368464832
        ],
        "y": [
          -0.09961198360234834,
          -0.10982221194318818,
          -0.06053949413360782,
          -0.02224826526348624
        ],
        "z": [
          0.1992239672046967,
          0.2196444238863764,
          0.12107898826721564,
          0.044496530526972486
        ]
      },
      "raw_v": {
        "x": [
          0.14732703565180308,
          0.008981583403103233,
          0.011416292807805872,
          0.005570466647630445
        ],
        "y": [
          -0.07316149901109686,
          0.011102232447951194,
          0.0037577658409445325,
          -0.0007836136407894934
        ],
        "z": [
          0.15146854308151078,
          0.03082346552771914,
          0.010269800423493847,
          0.003687945838061313
        ]
      },
      "rec_v_unmixed": {
        "x": [
          0.007616620366418348,
          0.014959948742958567,
          -0.006969906815868805,
          0.05145343386477318
        ],
        "y": [
          -0.007285238677411745,
          -0.014187512544398291,
          0.006641164649792548,
          -0.048843935135166584
        ],
        "z": [
          0.008265220913346737,
          0.015787262511903013,
          -0.007483516393443744,
          0.05450982526675868
        ]
      },
      "rec_v": {
        "x": [
          0.14732703565180308,
          0.008981583403103233,
          0.011416292807805872,
          0.005570466647630445
        ],
        "y": [
          -0.07316149901109686,
          0.011102232447951194,
          0.0037577658409445325,
          -0.0007836136407894934
        ],
        "z": [
          0.15146854308151078,
          0.03082346552771914,
          0.010269800423493847,
          0.003687945838061313
        ]
      },
      "p_true": [
        0.3320399453411612,
        0.36607403981062736,
        0.20179831377869273,
        0.0741608842116208
      ],
      "p_est": [
        0.298617770912246,
        0.04041402518062613,
        0.014901872193567655,
        0.008108446643423762
      ],
      "rmse_before": 0.08957358614017107,
      "rmse_after": 0.08957358614017107,
      "used_unmixed": false
    },
    "mixture_spanning_fock": {
      "true_v": {
        "x": [
          0.10447761194029852,
          0.1668438101922957,
          0.1757995475250914,
          0.09357306273784718
        ],
        "y": [
          0.0,
          0.04350196064733339,
          0.10576708297932243,
          0.11651953776636047
        ],
        "z": [
          0.03731343283582089,
          0.06343283582089554,
          0.08208955223880599,
          0.0671641791044776
        ]
      },
      "raw_v": {
        "x": [
          0.17068171389951414,
          0.02475660049729017,
          0.011704017885474677,
          0.006874936316592695
        ],
        "y": [
          0.15081089387853916,
          0.03317746658115103,
          0.009402167475588669,
          0.004369968337111618
        ],
        "z": [
          0.10807752878402618,
          0.026221641756026398,
          0.007092714367488678,
          0.002677222869121032
        ]
      },
      "rec_v_unmixed": {
        "x": [
          0.009452157058506194,
          0.018226024592181908,
          -0.008591141766827069,
          0.06284945972323368
        ],
        "y": [
          0.008244342051645264,
          0.01569906933209561,
          -0.007454336529665878,
          0.054224721623382315
        ],
        "z": [
          0.005248334140954664,
          0.009986631561239044,
          -0.0047397827381203345,
          0.03448995350387233
        ]
      },
      "rec_v": {
        "x": [
          0.009452157058506194,
          0.018226024592181908,
          -0.008591141766827069,
          0.06284945972323368
        ],
        "y": [
          0.008244342051645264,
          0.01569906933209561,
          -0.007454336529665878,
          0.054224721623382315
        ],
        "z": [
          0.005248334140954664,
          0.009986631561239044,
          -0.0047397827381203345,
          0.03448995350387233
        ]
      },
      "p_true": [
        0.1492537313432836,
        0.25373134328358216,
        0.32835820895522394,
        0.26865671641791045
      ],
      "p_est": [
        0.33948267219357314,
        0.0431873189885069,
        0.015970430561713194,
        0.00843673779066855
      ],
      "rmse_before": 0.09996050614095581,
      "rmse_after": 0.08948615301747412,
      "used_unmixed": true
    }
  },
  "sqr": {
    "mode1_final_cost": 20.482089225464094,