{
  "core": {
    "compile_heavy_20": {
      "best_s": 0.0004372000112198293,
      "avg_s": 0.0004661666656223436,
      "runs_s": [
        0.0005193999968469143,
        0.00044189998880028725,
        0.0004372000112198293
      ]
    },
    "repeat_simulate_20_raw": {
      "best_s": 0.0673802999954205,
      "avg_s": 0.06780734999483684,
      "runs_s": [
        0.06823439999425318,
        0.0673802999954205
      ]
    },
    "repeat_simulate_20_prepared": {
      "best_s": 0.06426529999589548,
      "avg_s": 0.06501994999416638,
      "runs_s": [
        0.06426529999589548,
        0.06577459999243729
      ]
    }
  },
  "protocols": {
    "run_all_xy": {
      "best_s": 0.05490829999325797,
      "avg_s": 0.05538035000063246,
      "runs_s": [
        0.05585240000800695,
        0.05490829999325797
      ]
    },
    "run_fock_resolved_tomo_n2": {
      "best_s": 0.07570800000394229,
      "avg_s": 0.07625395000650315,
      "runs_s": [
        0.076799900009064,
        0.07570800000394229
      ]
    }
  },
  "calibration": {
    "build_sqr_multitone_pulse": {
      "best_s": 1.8100006855092943e-05,
      "avg_s": 2.4266667120779555e-05,
      "runs_s": [
        3.1100003980100155e-05,
        2.3599990527145565e-05,
        1.8100006855092943e-05
      ]
    },
    "conditional_loss_12": {
      "best_s": 0.024439199987682514,
      "avg_s": 0.02510394999262644,
      "runs_s": [
        0.025768699997570366,
        0.024439199987682514
      ]
    }
  },
  "synthesis": {
    "unitary_fit_small": {
      "best_s": 0.05864069999370258,
      "avg_s": 0.059487199992872775,
      "runs_s": [
        0.060333699992042966,
        0.05864069999370258
      ]
    }
  },
  "parallel": {
    "4": {
      "serial_s": 0.006851300000562333,
      "parallel_s": 4.603527999992366,
      "speedup": 0.0014882716039901775
    },
    "8": {
      "serial_s": 0.012033299994072877,
      "parallel_s": 4.776997900000424,
      "speedup": 0.0025190088515784797
    },
    "16": {
      "serial_s": 0.023917400001664646,
      "parallel_s": 4.695388599997386,
      "speedup": 0.005093806293621354
    }
  }
}
