{
  "core": {
    "compile_heavy_20": {
      "best_s": 0.0006354000070132315,
      "avg_s": 0.0006754000011521081,
      "runs_s": [
        0.0006354000070132315,
        0.0007294000242836773,
        0.0006613999721594155
      ]
    },
    "repeat_simulate_20_raw": {
      "best_s": 0.08223340002587065,
      "avg_s": 0.08646915000281297,
      "runs_s": [
        0.08223340002587065,
        0.09070489997975528
      ]
    },
    "repeat_simulate_20_prepared": {
      "best_s": 0.07929830002831295,
      "avg_s": 0.07933515001786873,
      "runs_s": [
        0.0793720000074245,
        0.07929830002831295
      ]
    }
  },
  "protocols": {
    "run_all_xy": {
      "best_s": 0.05560349998995662,
      "avg_s": 0.05741685000248253,
      "runs_s": [
        0.05560349998995662,
        0.05923020001500845
      ]
    },
    "run_fock_resolved_tomo_n2": {
      "best_s": 0.08303570002317429,
      "avg_s": 0.08774705001269467,
      "runs_s": [
        0.09245840000221506,
        0.08303570002317429
      ]
    }
  },
  "calibration": {
    "build_sqr_multitone_pulse": {
      "best_s": 9.14999982342124e-05,
      "avg_s": 0.00013576665272315344,
      "runs_s": [
        0.00021889997879043221,
        9.689998114481568e-05,
        9.14999982342124e-05
      ]
    },
    "conditional_loss_12": {
      "best_s": 0.02903800003696233,
      "avg_s": 0.02985859999898821,
      "runs_s": [
        0.030679199961014092,
        0.02903800003696233
      ]
    }
  },
  "synthesis": {
    "unitary_fit_small": {
      "best_s": 0.0809043999761343,
      "avg_s": 0.08153769999626093,
      "runs_s": [
        0.0809043999761343,
        0.08217100001638755
      ]
    }
  },
  "parallel": {
    "4": {
      "serial_s": 0.0064791000331752,
      "parallel_s": 11.067048099997919,
      "speedup": 0.0005854406680654454
    },
    "8": {
      "serial_s": 0.011476199957542121,
      "parallel_s": 11.000654600036796,
      "speedup": 0.001043228823628708
    },
    "16": {
      "serial_s": 0.02550430002156645,
      "parallel_s": 10.398881200002506,
      "speedup": 0.002452600383737464
    }
  }
}
