{
  "chi_mhz": -2.84,
  "displacement": {
    "target_alpha_real": 2.0,
    "target_alpha_imag": 0.0,
    "duration_ns": 120.00000000000001,
    "final_alpha_real": 1.9792813527989974,
    "final_alpha_imag": 0.0,
    "nbar_after_displacement": 3.9175546737443465,
    "p_n_first_8": [
      0.019889689677548412,
      0.07791892818611025,
      0.15262575812329204,
      0.19930647954746092,
      0.19519847145699518,
      0.15294019210251886,
      0.09985866441478194,
      0.05588599015869871
    ],
    "builder_meta": {
      "mapping": "Square cavity drive with analytic rotating-frame calibration alpha = -i * integral epsilon(t) dt.",
      "duration_s": 1.2000000000000002e-07,
      "drive_amp": 16666666.666666664,
      "drive_phase": 1.5707963267948966,
      "target_alpha": {
        "real": 2.0,
        "imag": 0.0
      }
    }
  },
  "spectroscopy": {
    "amp_rad_s": 251327.41228718348,
    "duration_ns": 2500.0,
    "gap_ns": 40.0,
    "sigma_fraction": 0.18,
    "transition_detunings_mhz": [
      -16.0,
      -15.9,
      -15.8,
      -15.7,
      -15.6,
      -15.5,
      -15.4,
      -15.3,
      -15.2,
      -15.1,
      -15.0,
      -14.9,
      -14.8,
      -14.7,
      -14.6,
      -14.5,
      -14.4,
      -14.3,
      -14.2,
      -14.1,
      -14.0,
      -13.9,
      -13.8,
      -13.7,
      -13.6,
      -13.5,
      -13.4,
      -13.3,
      -13.2,
      -13.1,
      -13.0,
      -12.9,
      -12.8,
      -12.7,
      -12.6,
      -12.5,
      -12.4,
      -12.3,
      -12.2,
      -12.1,
      -12.0,
      -11.899999999999999,
      -11.8,
      -11.7,
      -11.6,
      -11.5,
      -11.399999999999999,
      -11.3,
      -11.2,
      -11.1,
      -11.0,
      -10.899999999999999,
      -10.8,
      -10.7,
      -10.6,
      -10.5,
      -10.399999999999999,
      -10.3,
      -10.2,
      -10.1,
      -10.0,
      -9.899999999999999,
      -9.8,
      -9.7,
      -9.6,
      -9.5,
      -9.399999999999999,
      -9.3,
      -9.2,
      -9.1,
      -9.0,
      -8.899999999999999,
      -8.8,
      -8.7,
      -8.6,
      -8.5,
      -8.399999999999999,
      -8.3,
      -8.2,
      -8.1,
      -8.0,
      -7.9,
      -7.799999999999999,
      -7.699999999999999,
      -7.6,
      -7.5,
      -7.4,
      -7.299999999999999,
      -7.199999999999999,
      -7.1,
      -7.0,
      -6.9,
      -6.799999999999999,
      -6.699999999999999,
      -6.6,
      -6.5,
      -6.399999999999999,
      -6.299999999999999,
      -6.199999999999999,
      -6.1,
      -6.0,
      -5.899999999999999,
      -5.799999999999999,
      -5.699999999999999,
      -5.6,
      -5.5,
      -5.399999999999999,
      -5.299999999999999,
      -5.199999999999999,
      -5.1,
      -5.0,
      -4.899999999999999,
      -4.799999999999999,
      -4.699999999999999,
      -4.6,
      -4.5,
      -4.399999999999999,
      -4.299999999999999,
      -4.199999999999999,
      -4.1,
      -4.0,
      -3.8999999999999986,
      -3.799999999999999,
      -3.6999999999999993,
      -3.5999999999999996,
      -3.5,
      -3.3999999999999986,
      -3.299999999999999,
      -3.1999999999999993,
      -3.0999999999999996,
      -3.0,
      -2.8999999999999986,
      -2.799999999999999,
      -2.6999999999999993,
      -2.5999999999999996,
      -2.5,
      -2.3999999999999986,
      -2.299999999999999,
      -2.1999999999999993,
      -2.0999999999999996,
      -2.0,
      -1.8999999999999986,
      -1.799999999999999,
      -1.6999999999999993,
      -1.5999999999999996,
      -1.5,
      -1.3999999999999986,
      -1.299999999999999,
      -1.1999999999999993,
      -1.0999999999999996,
      -1.0,
      -0.8999999999999986,
      -0.7999999999999989,
      -0.6999999999999993,
      -0.5999999999999996,
      -0.5,
      -0.3999999999999986,
      -0.29999999999999893,
      -0.1999999999999993,
      -0.09999999999999964,
      0.0,
      0.10000000000000142,
      0.1999999999999993,
      0.3000000000000007,
      0.40000000000000213,
      0.5,
      0.6000000000000014,
      0.6999999999999993,
      0.8000000000000007,
      0.9000000000000021,
      1.0,
      1.1000000000000014,
      1.1999999999999993,
      1.3000000000000007,
      1.4000000000000021,
      1.5,
      1.6000000000000014,
      1.6999999999999993,
      1.8000000000000007,
      1.9000000000000021,
      2.0
    ],